setor_nome,ano,markup_medio,markup_se,markup_std,ci_lower,ci_upper,n_obs,market_power
"Alimentos e bebidas",1989,0.763774219764516,0.187531369925225,0.265209406718659,0.396212734711075,1.13133570481796,2,0
"Alimentos e bebidas",1990,1.39324804630184,0.0532344431255325,0.119035833573037,1.28890853777579,1.49758755482788,5,1
"Alimentos e bebidas",1991,1.67451469217048,0.208997532387956,0.417995064775913,1.26487952869009,2.08414985565088,4,1
"Alimentos e bebidas",1992,1.04615464530229,0.0589993577907356,0.117998715581471,0.930515904032447,1.16179338657213,4,0
"Alimentos e bebidas",1993,1.19375062236883,0.0538140156816854,0.107628031363371,1.08827515163273,1.29922609310494,4,1
"Alimentos e bebidas",1994,0.887736906134136,0.0896127130623243,0.179225426124649,0.71209598853198,1.06337782373629,4,0
"Alimentos e bebidas",1995,1.27577635695599,0.0658558257394243,0.131711651478849,1.14669893850672,1.40485377540527,4,1
"Alimentos e bebidas",1996,1.34669802606995,0.0249024910121774,0.0498049820243549,1.29788914368609,1.39550690845382,4,1
"Alimentos e bebidas",1997,1.19710241212377,0.0665380298613811,0.162984221650454,1.06668787359547,1.32751695065208,6,1
"Alimentos e bebidas",1998,1.1059651051439,0.0705785702757763,0.223189036069711,0.967631107403379,1.24429910288442,10,0
"Alimentos e bebidas",1999,0.989472151981795,0.0338789257985555,0.131212515405202,0.923069457416626,1.05587484654696,15,0
"Alimentos e bebidas",2000,0.923529450053639,0.036902821748945,0.138077715589742,0.851199919425707,0.995858980681572,14,0
"Alimentos e bebidas",2001,0.954783186912761,0.0292777152904757,0.10142098082528,0.897398864943428,1.01216750888209,12,0
"Alimentos e bebidas",2002,0.993566746487309,0.0160010395965582,0.0554292271103203,0.962204708878055,1.02492878409656,12,0
"Alimentos e bebidas",2003,1.03332763133813,0.026242544772775,0.0946188407768997,0.98189224358349,1.08476301909277,13,0
"Alimentos e bebidas",2004,1.07940068268054,0.0109115602198335,0.0436462408793339,1.05801402464966,1.10078734071141,16,1
"Alimentos e bebidas",2005,1.11149628851214,0.0455385110428159,0.198497767674946,1.02224080686822,1.20075177015606,19,1
"Alimentos e bebidas",2006,1.19784613599415,0.0684226363327849,0.348888357832333,1.0637377687819,1.33195450320641,26,1
"Alimentos e bebidas",2007,1.17289963971291,0.0653526944148644,0.386631754198866,1.04480835865977,1.30099092076604,35,1
"Alimentos e bebidas",2008,1.08499341274032,0.0439663247348327,0.267436712691964,0.998819416260043,1.17116740922059,37,0
"Alimentos e bebidas",2009,1.09896218846929,0.0478602479962697,0.302694786097444,1.0051561023966,1.19276827454198,40,1
"Alimentos e bebidas",2010,1.08970243856757,0.0420554250499388,0.262636045258661,1.00727380546969,1.17213107166545,39,1
"Alimentos e bebidas",2011,1.12096905400981,0.0374903581041916,0.2311060884738,1.04748795212559,1.19445015589402,38,1
"Alimentos e bebidas",2012,1.122173742235,0.025432009127441,0.152592054764646,1.07232700434522,1.17202048012479,36,1
"Alimentos e bebidas",2013,1.11536235396212,0.0177701681205392,0.105129732360203,1.08053282444586,1.15019188347838,35,1
"Alimentos e bebidas",2014,1.10466689506103,0.024984684830482,0.151975904718166,1.05569691279328,1.15363687732877,37,1
"Alimentos e bebidas",2015,1.12796683209566,0.0366542548969479,0.222959128263155,1.05612449249764,1.19980917169368,37,1
"Alimentos e bebidas",2016,1.1115469474262,0.0156529423871041,0.0989979000532839,1.08086718034748,1.14222671450493,40,1
"Alimentos e bebidas",2017,1.07739613217217,0.0263011832695205,0.166343288578398,1.02584581296391,1.12894645138043,40,1
"Alimentos e bebidas",2018,1.04565749274039,0.0260915170992262,0.167067225529449,0.994518119225911,1.09679686625488,41,0
"Alimentos e bebidas",2019,1.02984285478751,0.0228705936230519,0.146443252352241,0.98501649128633,1.07466921828869,41,0
"Alimentos e bebidas",2020,1.13288302162493,0.0288329815677098,0.199760756035881,1.07637037775222,1.18939566549764,48,1
"Alimentos e bebidas",2021,1.21917576803586,0.0858511773709526,0.594794404384389,1.05090746038879,1.38744407568293,48,1
"Alimentos e bebidas",2022,1.12823093685765,0.0448292169358146,0.310585925585432,1.04036567166346,1.21609620205185,48,1
"Alimentos e bebidas",2023,1.07548147405294,0.0228966728246424,0.158632802626249,1.03060399531664,1.12035895278924,48,1
"Alimentos e bebidas",2024,1.08139313262887,0.0247762324807606,0.152730954445215,1.03283171696658,1.12995454829116,38,1
"Indústria extrativa e agropecuária",1989,1.9732363305146,0.399539503669403,0.799079007338806,1.19013890332257,2.75633375770663,4,1
"Indústria extrativa e agropecuária",1990,3.18845138370135,0.482345784765026,1.36427990113639,2.2430536455619,4.1338491218408,8,1
"Indústria extrativa e agropecuária",1991,3.61287576528598,0.576952677227909,1.63186860196635,2.48204851791927,4.74370301265268,8,1
"Indústria extrativa e agropecuária",1992,3.43647803341594,1.00251813938525,2.83554949848732,1.47154248022085,5.40141358661102,8,1
"Indústria extrativa e agropecuária",1993,2.65212142636473,0.577853670036072,1.73356101010822,1.51952823309403,3.78471461963544,9,1
"Indústria extrativa e agropecuária",1994,1.14786353148978,0.198663898005911,0.595991694017732,0.758482291398195,1.53724477158137,9,0
"Indústria extrativa e agropecuária",1995,0.99852184725968,0.134607387120754,0.380727184923553,0.734691368503002,1.26235232601636,8,0
"Indústria extrativa e agropecuária",1996,1.11728841591299,0.15350379769523,0.43417430515274,0.816420972430338,1.41815585939564,8,0
"Indústria extrativa e agropecuária",1997,1.19625814626964,0.198978349371237,0.596935048113712,0.806260581502016,1.58625571103727,9,0
"Indústria extrativa e agropecuária",1998,1.7218081585735,0.42683993680616,1.3497863966298,0.885201882433424,2.55841443471357,10,0
"Indústria extrativa e agropecuária",1999,2.15266083777699,0.541170058321192,1.87466807309463,1.09196752346745,3.21335415208652,12,1
"Indústria extrativa e agropecuária",2000,1.92151408987096,0.320794180456047,1.11126363864458,1.2927574961771,2.55027068356481,12,1
"Indústria extrativa e agropecuária",2001,1.737469853366,0.256765513073633,0.889461828550046,1.23420944774168,2.24073025899033,12,1
"Indústria extrativa e agropecuária",2002,1.56904760252011,0.208809289836891,0.723336598179742,1.1597813944398,1.97831381060041,12,1
"Indústria extrativa e agropecuária",2003,1.75722595333318,0.197196683655852,0.683109350352047,1.37072045336771,2.14373145329865,12,1
"Indústria extrativa e agropecuária",2004,1.62241576419746,0.178990768111958,0.620042208911381,1.27159385869802,1.9732376696969,12,1
"Indústria extrativa e agropecuária",2005,1.43393569237241,0.134050941346973,0.464366082430785,1.17119584733234,1.69667553741248,12,1
"Indústria extrativa e agropecuária",2006,1.28199350682719,0.129802245035914,0.502721933324429,1.0275811065568,1.53640590709758,15,1
"Indústria extrativa e agropecuária",2007,1.20746507809087,0.13877823699616,0.620635143441981,0.9354597335784,1.47947042260335,20,0
"Indústria extrativa e agropecuária",2008,1.31614924039513,0.198588037826671,0.931460462334627,0.926916686254858,1.70538179453541,22,0
"Indústria extrativa e agropecuária",2009,1.51896467927723,0.28466757730642,1.36521774091119,0.96101622775665,2.07691313079781,23,0
"Indústria extrativa e agropecuária",2010,1.52063155298909,0.201751113720338,0.946296603355802,1.12519937009723,1.91606373588095,22,1
"Indústria extrativa e agropecuária",2011,1.46194174760331,0.286814336006396,1.18256580229577,0.899785649030772,2.02409784617584,17,0
"Indústria extrativa e agropecuária",2012,1.02468706587042,0.15198319070116,0.568669028152468,0.726800012096149,1.3225741196447,14,0
"Indústria extrativa e agropecuária",2013,0.978233040816678,0.101734326337054,0.33741458875958,0.778833761196052,1.1776323204373,11,0
"Indústria extrativa e agropecuária",2014,1.24504794740436,0.162308929707376,0.562254625550601,0.926922445177906,1.56317344963082,12,0
"Indústria extrativa e agropecuária",2015,1.44346614983356,0.25154751299051,0.871386146034312,0.95043302437216,1.93649927529496,12,0
"Indústria extrativa e agropecuária",2016,1.24640510081571,0.129253251496508,0.466029225791101,0.993068727882555,1.49974147374887,13,0
"Indústria extrativa e agropecuária",2017,1.32215626692178,0.124146892614253,0.511870751340776,1.07882835739784,1.56548417644571,17,1
"Indústria extrativa e agropecuária",2018,1.41558440087007,0.143981804014029,0.627602133405832,1.13338006500257,1.69778873673757,19,1
"Indústria extrativa e agropecuária",2019,1.33928887854272,0.107050557012636,0.478744645018944,1.12946978679796,1.54910797028749,20,1
"Indústria extrativa e agropecuária",2020,1.68430771356393,0.149269021435491,0.78985741832856,1.39174043155037,1.97687499557749,28,1
"Indústria extrativa e agropecuária",2021,2.08613010228828,0.267169998663905,1.60301999198343,1.56247690490703,2.60978329966954,36,1
"Indústria extrativa e agropecuária",2022,1.60721424632951,0.18492010652022,1.01284913677383,1.24477083754987,1.96965765510914,30,1
"Indústria extrativa e agropecuária",2023,1.32533425626631,0.11155927289053,0.621135743943121,1.10667808140087,1.54399043113174,31,1
"Indústria extrativa e agropecuária",2024,1.66598389743156,0.183672491194233,0.841693093978684,1.30598581469086,2.02598198017225,21,1
"Indústria química e petroquímica",1989,1.69219253124069,0.300527494659732,0.601054989319465,1.10315864170761,2.28122642077376,4,1
"Indústria química e petroquímica",1990,2.04647531933988,0.234385016899926,0.741190502820824,1.58708068621602,2.50586995246373,10,1
"Indústria química e petroquímica",1991,1.27742144041028,0.10077217532354,0.349085055299221,1.07990797677614,1.47493490404442,12,1
"Indústria química e petroquímica",1992,1.80691755714129,0.164017003287265,0.568171565997469,1.48544423069825,2.12839088358433,12,1
"Indústria química e petroquímica",1993,1.36622803930576,0.0769953890821406,0.266719851677603,1.21531707670476,1.51713900190675,12,1
"Indústria química e petroquímica",1994,1.42224315381825,0.0916784110847725,0.317583331912023,1.24255346809209,1.6019328395444,12,1
"Indústria química e petroquímica",1995,1.52493184776524,0.0853560617455419,0.29568207135453,1.35763396674398,1.69222972878651,12,1
"Indústria química e petroquímica",1996,1.23677712088714,0.0715184423325225,0.247747151596228,1.09660097391539,1.37695326785888,12,1
"Indústria química e petroquímica",1997,1.16844600134172,0.0695649443488629,0.250819973824624,1.03209871041795,1.3047932922655,13,1
"Indústria química e petroquímica",1998,1.62859469123046,0.0936950865365851,0.350574912644037,1.44495232161875,1.81223706084217,14,1
"Indústria química e petroquímica",1999,1.89766132416901,0.107542389841182,0.430169559364728,1.68687824008029,2.10844440825772,16,1
"Indústria química e petroquímica",2000,1.5857749321884,0.0890213549296508,0.356085419718603,1.41129307652628,1.76025678785052,16,1
"Indústria química e petroquímica",2001,1.58473942843226,0.0912810072283729,0.365124028913491,1.40582865426464,1.76365020259987,16,1
"Indústria química e petroquímica",2002,1.48040058268508,0.122886165555387,0.491544662221549,1.23954369819652,1.72125746717364,16,1
"Indústria química e petroquímica",2003,1.68053123051538,0.196422779108285,0.785691116433141,1.29554258346314,2.06551987756762,16,1
"Indústria química e petroquímica",2004,1.53527030735393,0.120877669101535,0.483510676406142,1.29835007591492,1.77219053879294,16,1
"Indústria química e petroquímica",2005,1.36329844268229,0.107053793661631,0.428215174646525,1.15347300710549,1.57312387825908,16,1
"Indústria química e petroquímica",2006,1.09438884530079,0.0929743210335502,0.405265669729553,0.912159176075029,1.27661851452655,19,0
"Indústria química e petroquímica",2007,1.11183818081385,0.0398425667987709,0.195187917399486,1.03374674988825,1.18992961173944,24,1
"Indústria química e petroquímica",2008,0.968883446935777,0.0285994903552598,0.11791871957357,0.912828445839468,1.02493844803209,17,0
"Indústria química e petroquímica",2009,0.949071354843753,0.0651685674283859,0.268696886977422,0.821340962684117,1.07680174700339,17,0
"Indústria química e petroquímica",2010,0.950663940149781,0.0432926001227079,0.178499963113553,0.865810443909273,1.03551743639029,17,0
"Indústria química e petroquímica",2011,0.918237495898451,0.0380390302427353,0.170115714841853,0.84368099662269,0.992793995174212,20,0
"Indústria química e petroquímica",2012,0.997430969566857,0.0907171150444887,0.39542673692848,0.819625424079659,1.17523651505406,19,0
"Indústria química e petroquímica",2013,0.975831216412738,0.0542525748369384,0.242624890579578,0.869496169732339,1.08216626309314,20,0
"Indústria química e petroquímica",2014,1.12335023491316,0.0772392616900441,0.386196308450221,0.97196128200067,1.27473918782564,25,0
"Indústria química e petroquímica",2015,1.31119497019312,0.108284673441521,0.562663668245157,1.09895701024774,1.52343293013851,27,1
"Indústria química e petroquímica",2016,1.37242855791126,0.0978204335995565,0.479220297473433,1.18070050805613,1.56415660776639,24,1
"Indústria química e petroquímica",2017,1.32032427398148,0.102742921180484,0.543664436831744,1.11894814846773,1.52170039949523,28,1
"Indústria química e petroquímica",2018,1.54855380991022,0.167554609088702,0.917734390118423,1.22014677609637,1.87696084372408,30,1
"Indústria química e petroquímica",2019,1.19209130777708,0.0875125397572118,0.487249200160949,1.02056672985294,1.36361588570121,31,1
"Indústria química e petroquímica",2020,1.25499409985996,0.0664200338059157,0.420077178184151,1.12481083360037,1.38517736611956,40,1
"Indústria química e petroquímica",2021,1.48372467685618,0.0854668928227319,0.540540091714661,1.31620956692362,1.65123978678873,40,1
"Indústria química e petroquímica",2022,1.46189588147798,0.180014284205249,1.13851029890692,1.1090678844357,1.81472387852027,40,1
"Indústria química e petroquímica",2023,1.38674364041413,0.159768332420896,1.01046365683391,1.07359770886918,1.69988957195909,40,1
"Indústria química e petroquímica",2024,1.20036948258789,0.108399559236129,0.593728838172452,0.987906346485082,1.41283261869071,30,0
"Madeira, celulose, papel, artigos de borracha e material plástico",1989,1.54201133270175,0.224480100340539,0.549861703243089,1.10203033603429,1.9819923293692,6,1
"Madeira, celulose, papel, artigos de borracha e material plástico",1990,1.82302145150777,0.18946411575789,0.535885444175669,1.45167178462231,2.19437111839324,8,1
"Madeira, celulose, papel, artigos de borracha e material plástico",1991,2.07713100568465,0.256446131175748,0.678492687775677,1.57449658858018,2.57976542278911,7,1
"Madeira, celulose, papel, artigos de borracha e material plástico",1992,3.25593946989799,0.952405759068953,2.51982878572215,1.38922418212284,5.12265475767313,7,1
"Madeira, celulose, papel, artigos de borracha e material plástico",1993,2.69756851911391,0.81341426454378,2.15209185685535,1.1032765606081,4.29186047761972,7,1
"Madeira, celulose, papel, artigos de borracha e material plástico",1994,1.56270060996874,0.367106225936112,1.0383332071009,0.843172407133964,2.28222881280352,8,0
"Madeira, celulose, papel, artigos de borracha e material plástico",1995,1.5733100377681,0.256650156636098,0.725916264599897,1.07027573076134,2.07634434477485,8,1
"Madeira, celulose, papel, artigos de borracha e material plástico",1996,1.28829023264778,0.155789779938751,0.467369339816252,0.982942263967828,1.59363820132773,9,0
"Madeira, celulose, papel, artigos de borracha e material plástico",1997,1.30449172330691,0.151422566618671,0.502211838266726,1.00770349273432,1.60127995387951,11,1
"Madeira, celulose, papel, artigos de borracha e material plástico",1998,1.11351798035939,0.109413892127795,0.379020840438404,0.899066751788907,1.32796920892987,12,0
"Madeira, celulose, papel, artigos de borracha e material plástico",1999,1.44390530688965,0.15345266013678,0.594319597140976,1.14313809302156,1.74467252075774,15,1
"Madeira, celulose, papel, artigos de borracha e material plástico",2000,1.4671222287715,0.195492922710709,0.75714083395999,1.08395610025851,1.85028835728449,15,1
"Madeira, celulose, papel, artigos de borracha e material plástico",2001,1.68586725330333,0.295966106852952,1.14627180288333,1.10577368387155,2.26596082273512,15,1
"Madeira, celulose, papel, artigos de borracha e material plástico",2002,1.41094928575336,0.123147062644949,0.492588250579796,1.16958104296926,1.65231752853746,16,1
"Madeira, celulose, papel, artigos de borracha e material plástico",2003,1.47547347435188,0.151367080720101,0.605468322880403,1.17879399614048,1.77215295256328,16,1
"Madeira, celulose, papel, artigos de borracha e material plástico",2004,1.49299349081525,0.21932546640726,0.904302064384991,1.06311557665703,1.92287140497348,17,1
"Madeira, celulose, papel, artigos de borracha e material plástico",2005,1.18530331003538,0.1165471917076,0.480536381779547,0.956870814288483,1.41373580578228,17,0
"Madeira, celulose, papel, artigos de borracha e material plástico",2006,1.15376304082389,0.110621359873747,0.456103551208923,0.936945175471346,1.37058090617644,17,0
"Madeira, celulose, papel, artigos de borracha e material plástico",2007,1.72960418382927,0.32895728331728,1.54294642598007,1.0848479085274,2.37436045913114,22,1
"Madeira, celulose, papel, artigos de borracha e material plástico",2008,1.78579255176976,0.310322136775157,1.48825268592806,1.17756116369045,2.39402393984907,23,1
"Madeira, celulose, papel, artigos de borracha e material plástico",2009,1.43945810006019,0.203854796314787,0.956163749350473,1.0399026992832,1.83901350083717,22,1
"Madeira, celulose, papel, artigos de borracha e material plástico",2010,1.49161558825925,0.140779522343753,0.689675991949878,1.21568772446549,1.76754345205301,24,1
"Madeira, celulose, papel, artigos de borracha e material plástico",2011,1.22553936253114,0.0697097320014255,0.319450123571618,1.08890828780834,1.36217043725393,21,1
"Madeira, celulose, papel, artigos de borracha e material plástico",2012,1.31786377142695,0.128545897742408,0.589071306680638,1.06591381185183,1.56981373100207,21,1
"Madeira, celulose, papel, artigos de borracha e material plástico",2013,1.60313843363767,0.153590903067409,0.686879399968613,1.30210026362555,1.90417660364979,20,1
"Madeira, celulose, papel, artigos de borracha e material plástico",2014,2.32865890197474,0.434029029792252,1.94103682964752,1.47796200358193,3.17935580036756,20,1
"Madeira, celulose, papel, artigos de borracha e material plástico",2015,1.3884484500492,0.104720278174582,0.418881112698329,1.18319670482702,1.59370019527138,16,1
"Madeira, celulose, papel, artigos de borracha e material plástico",2016,2.10356113448689,0.437484360550126,1.95648953856622,1.24609178780864,2.96103048116513,20,1
"Madeira, celulose, papel, artigos de borracha e material plástico",2017,1.22509066177497,0.112027717592484,0.448110870369938,1.0055163352937,1.44466498825624,16,1
"Madeira, celulose, papel, artigos de borracha e material plástico",2018,1.43679282779693,0.145344739794295,0.581378959177181,1.15191713780011,1.72166851779375,16,1
"Madeira, celulose, papel, artigos de borracha e material plástico",2019,1.32818157407047,0.182878797105841,0.731515188423366,0.969739131743025,1.68662401639792,16,0
"Madeira, celulose, papel, artigos de borracha e material plástico",2020,1.27633581898967,0.0811717948302963,0.324687179321185,1.11723910112229,1.43543253685705,16,1
"Madeira, celulose, papel, artigos de borracha e material plástico",2021,1.65340508906854,0.248373695870177,1.11076093557715,1.16659264516299,2.14021753297409,20,1
"Madeira, celulose, papel, artigos de borracha e material plástico",2022,1.43726740444218,0.103921297186431,0.487434090104529,1.23358166195678,1.64095314692759,22,1
"Madeira, celulose, papel, artigos de borracha e material plástico",2023,1.52295835358012,0.168818688066198,0.791829835058412,1.19207372497037,1.85384298218987,22,1
"Madeira, celulose, papel, artigos de borracha e material plástico",2024,2.03139893067594,0.422925621422096,1.69170248568838,1.20246471268863,2.86033314866325,16,1
"Metalurgia, siderurgia e produtos de minerais não-metálicos",1989,0.953783497182401,0.0735569083646818,0.284884681094918,0.809611956787625,1.09795503757718,15,0
"Metalurgia, siderurgia e produtos de minerais não-metálicos",1990,1.68262007848774,0.272610344868968,1.51783016310024,1.14830380254456,2.21693635443092,31,1
"Metalurgia, siderurgia e produtos de minerais não-metálicos",1991,1.23047091397701,0.115632025319427,0.703362150915505,1.00383214435093,1.45710968360308,37,1
"Metalurgia, siderurgia e produtos de minerais não-metálicos",1992,1.29582349834734,0.104612929662374,0.627677577974246,1.09078215620909,1.5008648404856,36,1
"Metalurgia, siderurgia e produtos de minerais não-metálicos",1993,1.43307222193381,0.174648433873065,1.06234494953834,1.0907612915426,1.77538315232502,37,1
"Metalurgia, siderurgia e produtos de minerais não-metálicos",1994,1.31821227926505,0.0855964870233022,0.527652183211397,1.15044316469938,1.48598139383073,38,1
"Metalurgia, siderurgia e produtos de minerais não-metálicos",1995,1.10258730322669,0.048858468962158,0.305121040873487,1.00682470406086,1.19834990239252,39,1
"Metalurgia, siderurgia e produtos de minerais não-metálicos",1996,1.03651702225103,0.0379927931615328,0.252015679308769,0.962051147654429,1.11098289684764,44,0
"Metalurgia, siderurgia e produtos de minerais não-metálicos",1997,1.17411777286698,0.0451276127002211,0.309379325613387,1.08566765197455,1.26256789375942,47,1
"Metalurgia, siderurgia e produtos de minerais não-metálicos",1998,1.20668356357953,0.05359727040227,0.351460805733276,1.10163291359108,1.31173421356798,43,1
"Metalurgia, siderurgia e produtos de minerais não-metálicos",1999,1.3970095839064,0.0652457871049278,0.452036072982229,1.26912784118074,1.52489132663206,48,1
"Metalurgia, siderurgia e produtos de minerais não-metálicos",2000,1.45276166125421,0.0775589896429983,0.531717644148478,1.30074604155393,1.60477728095449,47,1
"Metalurgia, siderurgia e produtos de minerais não-metálicos",2001,1.47184167425705,0.0606559586163493,0.420236808421249,1.35295599536901,1.5907273531451,48,1
"Metalurgia, siderurgia e produtos de minerais não-metálicos",2002,1.71950426609913,0.133241792056054,0.92312621413045,1.45835035366926,1.98065817852899,48,1
"Metalurgia, siderurgia e produtos de minerais não-metálicos",2003,2.04849525705969,0.231823811083895,1.60612247680622,1.59412058733526,2.50286992678413,48,1
"Metalurgia, siderurgia e produtos de minerais não-metálicos",2004,1.57397590679558,0.110359515315366,0.732042208693098,1.35767125677747,1.7902805568137,44,1
"Metalurgia, siderurgia e produtos de minerais não-metálicos",2005,1.56918657599584,0.131729230405315,0.873792862353415,1.31099728440142,1.82737586759026,44,1
"Metalurgia, siderurgia e produtos de minerais não-metálicos",2006,1.2710413735865,0.0552577663047146,0.366538555171763,1.16273615162926,1.37934659554374,44,1
"Metalurgia, siderurgia e produtos de minerais não-metálicos",2007,1.43647697785856,0.077113036380964,0.487705664510548,1.28533542655188,1.58761852916525,40,1
"Metalurgia, siderurgia e produtos de minerais não-metálicos",2008,1.61257580282603,0.091591507937876,0.607549331625586,1.43305644726779,1.79209515838426,44,1
"Metalurgia, siderurgia e produtos de minerais não-metálicos",2009,1.26037395127965,0.0463954082937666,0.311229860366159,1.16943895102387,1.35130895153544,45,1
"Metalurgia, siderurgia e produtos de minerais não-metálicos",2010,1.38561517973971,0.0628102701921686,0.411874485479944,1.26250705016306,1.50872330931636,43,1
"Metalurgia, siderurgia e produtos de minerais não-metálicos",2011,1.21170738000734,0.0407175396535765,0.279145388043054,1.13190100228633,1.29151375772835,47,1
"Metalurgia, siderurgia e produtos de minerais não-metálicos",2012,1.16167933359393,0.0345370550444522,0.239279736323177,1.09398670570681,1.22937196148106,48,1
"Metalurgia, siderurgia e produtos de minerais não-metálicos",2013,1.12755576096261,0.0348948242352621,0.241758433986639,1.05916190546149,1.19594961646372,48,1
"Metalurgia, siderurgia e produtos de minerais não-metálicos",2014,1.11539220074905,0.0329438928414324,0.228241984801862,1.05082217077984,1.17996223071826,48,1
"Metalurgia, siderurgia e produtos de minerais não-metálicos",2015,1.19119825269848,0.0628018050080985,0.43510366832424,1.06810671488261,1.31428979051436,48,1
"Metalurgia, siderurgia e produtos de minerais não-metálicos",2016,1.01426761303831,0.0518875879840627,0.344183321239379,0.912567940589551,1.11596728548708,44,0
"Metalurgia, siderurgia e produtos de minerais não-metálicos",2017,1.13491955248222,0.0563767697056957,0.36098746053071,1.02442108385906,1.24541802110538,41,1
"Metalurgia, siderurgia e produtos de minerais não-metálicos",2018,1.07120755401214,0.0486992591797919,0.29622602899212,0.975757006019746,1.16665810200453,37,0
"Metalurgia, siderurgia e produtos de minerais não-metálicos",2019,1.01491360019055,0.0368164885554505,0.229918897336846,0.942753282621865,1.08707391775923,39,0
"Metalurgia, siderurgia e produtos de minerais não-metálicos",2020,1.08738151329156,0.0491783876195311,0.329898653223317,0.990991873557279,1.18377115302584,45,0
"Metalurgia, siderurgia e produtos de minerais não-metálicos",2021,1.40230642575225,0.0711332414449558,0.482449116249012,1.26288527252014,1.54172757898437,46,1
"Metalurgia, siderurgia e produtos de minerais não-metálicos",2022,1.34977149093733,0.0919967856346433,0.623952557560989,1.16945779109343,1.53008519078124,46,1
"Metalurgia, siderurgia e produtos de minerais não-metálicos",2023,1.02942857040694,0.0402189799243723,0.27572743474196,0.950599369755167,1.10825777105871,47,0
"Metalurgia, siderurgia e produtos de minerais não-metálicos",2024,1.07571816993912,0.0466914109515285,0.268221735266307,0.984203004474126,1.16723333540412,33,0
"Máquinas, equipamentos e aparelhos diversos",1989,1.29097515243295,0.20823799353703,0.658506354960438,0.882828685100369,1.69912161976553,10,0
"Máquinas, equipamentos e aparelhos diversos",1990,1.03110329788879,0.0841594657331818,0.366842606273314,0.866150745051755,1.19605585072583,19,0
"Máquinas, equipamentos e aparelhos diversos",1991,1.1216182263514,0.0976770711059074,0.414408716072566,0.930171166983823,1.31306528571898,18,0
"Máquinas, equipamentos e aparelhos diversos",1992,1.12729335443143,0.0881739397894465,0.394325846426352,0.954472432444112,1.30011427641874,20,0
"Máquinas, equipamentos e aparelhos diversos",1993,1.43526185449652,0.140919042696788,0.630209117588425,1.15906053081081,1.71146317818222,20,1
"Máquinas, equipamentos e aparelhos diversos",1994,1.76523100879185,0.19506129769793,0.994621363308475,1.38291086530391,2.1475511522798,26,1
"Máquinas, equipamentos e aparelhos diversos",1995,1.39693846890692,0.0957361885554543,0.497459828103123,1.20929553933823,1.58458139847561,27,1
"Máquinas, equipamentos e aparelhos diversos",1996,1.50920182445512,0.113332402783159,0.577884133313685,1.28707031500012,1.73133333391011,26,1
"Máquinas, equipamentos e aparelhos diversos",1997,1.39269968429395,0.100692994859622,0.542248372243014,1.19534141436909,1.59005795421881,29,1
"Máquinas, equipamentos e aparelhos diversos",1998,1.36332416862913,0.090546134329966,0.495941602674153,1.18585374534239,1.54079459191586,30,1
"Máquinas, equipamentos e aparelhos diversos",1999,1.41239528693023,0.116280113261471,0.657779652834608,1.18448626493775,1.64030430892271,32,1
"Máquinas, equipamentos e aparelhos diversos",2000,1.30087337643448,0.0705731973387665,0.373438258770123,1.1625499096505,1.43919684321847,28,1
"Máquinas, equipamentos e aparelhos diversos",2001,1.22196877963154,0.0319218021773481,0.168914299924527,1.15940204736393,1.28453551189914,28,1
"Máquinas, equipamentos e aparelhos diversos",2002,1.27113800433677,0.0356348054765258,0.188561666618099,1.20129378560278,1.34098222307076,28,1
"Máquinas, equipamentos e aparelhos diversos",2003,1.21591940796728,0.041191763205582,0.221824433558518,1.13518355208434,1.29665526385022,29,1
"Máquinas, equipamentos e aparelhos diversos",2004,1.28607424205808,0.0505662229193684,0.272307444095101,1.18696444513612,1.38518403898004,29,1
"Máquinas, equipamentos e aparelhos diversos",2005,1.13377718586252,0.0329740547038373,0.171338214235805,1.069148038643,1.19840633308204,27,1
"Máquinas, equipamentos e aparelhos diversos",2006,1.25579528891568,0.0553689313963196,0.327567015645596,1.1472721833789,1.36431839445247,35,1
"Máquinas, equipamentos e aparelhos diversos",2007,1.1780945957898,0.0331482002827637,0.198889201696582,1.11312412323559,1.24306506834402,36,1
"Máquinas, equipamentos e aparelhos diversos",2008,1.23069866386904,0.0352502299482805,0.211501379689683,1.16160821317041,1.29978911456767,36,1
"Máquinas, equipamentos e aparelhos diversos",2009,1.22449711333991,0.0574502558430089,0.344701535058053,1.11189461188761,1.33709961479221,36,1
"Máquinas, equipamentos e aparelhos diversos",2010,1.2810602138581,0.037856999188015,0.223965027545034,1.20686049544959,1.35525993226661,35,1
"Máquinas, equipamentos e aparelhos diversos",2011,1.18120646993178,0.0444889923952113,0.251667745686486,1.09400804483717,1.26840489502639,32,1
"Máquinas, equipamentos e aparelhos diversos",2012,1.17622559510525,0.0629456870057089,0.377674122034254,1.05285204857406,1.29959914163644,36,1
"Máquinas, equipamentos e aparelhos diversos",2013,1.33256240536495,0.0950390444295716,0.570234266577429,1.14628587828299,1.51883893244691,36,1
"Máquinas, equipamentos e aparelhos diversos",2014,1.27195669909321,0.0786788761114152,0.472073256668491,1.11774610191484,1.42616729627158,36,1
"Máquinas, equipamentos e aparelhos diversos",2015,1.13718810253974,0.0470077560417512,0.270038999455016,1.04505290069791,1.22932330438157,33,1
"Máquinas, equipamentos e aparelhos diversos",2016,1.09794100012762,0.0315971293879523,0.173064605181909,1.03601062652723,1.159871373728,30,1
"Máquinas, equipamentos e aparelhos diversos",2017,1.0451796337942,0.0355413765451968,0.20416966410808,0.975518535765616,1.11484073182279,33,0
"Máquinas, equipamentos e aparelhos diversos",2018,1.11883273864678,0.0389322272453726,0.227011944226953,1.04252557324585,1.19513990404771,34,1
"Máquinas, equipamentos e aparelhos diversos",2019,1.17448740696598,0.0392251974950533,0.228720239659462,1.09760601987568,1.25136879405628,34,1
"Máquinas, equipamentos e aparelhos diversos",2020,1.2391213040655,0.0356690271652619,0.233897452857863,1.16921001082159,1.30903259730942,43,1
"Máquinas, equipamentos e aparelhos diversos",2021,1.29388564111656,0.0407654270568937,0.282431163419132,1.21398540408504,1.37378587814807,48,1
"Máquinas, equipamentos e aparelhos diversos",2022,1.23487465063702,0.0344068620090854,0.238377732514989,1.16743720109921,1.30231210017482,48,1
"Máquinas, equipamentos e aparelhos diversos",2023,1.1973693710253,0.0421834799123456,0.292255721792975,1.1146897503971,1.28004899165349,48,1
"Máquinas, equipamentos e aparelhos diversos",2024,1.22817539766083,0.0397390987615905,0.238434592569543,1.15028676408811,1.30606403123354,36,1
"Têxteis, vestuário, couro e calçados",1989,0.948898717834548,0.0532348512613637,0.20617769237309,0.844558409362275,1.05323902630682,15,0
"Têxteis, vestuário, couro e calçados",1990,1.18327297693356,0.0908445117227507,0.497575882960931,1.00521773395697,1.36132821991015,30,1
"Têxteis, vestuário, couro e calçados",1991,1.12812982839218,0.0493867742869794,0.283705418801986,1.0313317507897,1.22492790599466,33,1
"Têxteis, vestuário, couro e calçados",1992,1.59082819817888,0.190242638354704,1.1254906266538,1.21795262700366,1.9637037693541,35,1
"Têxteis, vestuário, couro e calçados",1993,1.66769454327962,0.206161845351684,1.2369710721101,1.26361732639032,2.07177176016892,36,1
"Têxteis, vestuário, couro e calçados",1994,1.7655489196386,0.226063523617425,1.44751282727421,1.32246441334845,2.20863342592876,41,1
"Têxteis, vestuário, couro e calçados",1995,1.46251294136406,0.164378791767285,1.03962276202231,1.14033050950018,1.78469537322793,40,1
"Têxteis, vestuário, couro e calçados",1996,1.41720781646738,0.215939321417882,1.36572018414338,0.993966746488329,1.84044888644643,40,0
"Têxteis, vestuário, couro e calçados",1997,1.22357198826017,0.0774019633335784,0.501622053912595,1.07186414012636,1.37527983639399,42,1
"Têxteis, vestuário, couro e calçados",1998,1.21469230022052,0.0526134002494915,0.348997815144709,1.11157003573152,1.31781456470952,44,1
"Têxteis, vestuário, couro e calçados",1999,1.39056971396296,0.0517092938056097,0.35825249637929,1.28921949810397,1.49191992982196,48,1
"Têxteis, vestuário, couro e calçados",2000,1.32291316184986,0.0367204010591786,0.254406401235213,1.25094117577387,1.39488514792585,48,1
"Têxteis, vestuário, couro e calçados",2001,1.2924252580342,0.0411930988095206,0.285394160237179,1.21168678436754,1.37316373170086,48,1
"Têxteis, vestuário, couro e calçados",2002,1.20422773240787,0.0366164732177992,0.253686368028853,1.13245944490099,1.27599601991476,48,1
"Têxteis, vestuário, couro e calçados",2003,1.18708117482106,0.0410835145604328,0.284634938288662,1.10655748628261,1.26760486335951,48,1
"Têxteis, vestuário, couro e calçados",2004,1.20691234347615,0.0329226590039043,0.237408670326386,1.1423839318285,1.27144075512381,52,1
"Têxteis, vestuário, couro e calçados",2005,1.23280923678655,0.0483202294666248,0.348442129968203,1.13810158703197,1.32751688654114,52,1
"Têxteis, vestuário, couro e calçados",2006,1.14629510290596,0.0454416031234664,0.327684060201885,1.05722956078396,1.23536064502795,52,1
"Têxteis, vestuário, couro e calçados",2007,1.11635704016228,0.0282334546377836,0.195607111623329,1.06101946907222,1.17169461125234,48,1
"Têxteis, vestuário, couro e calçados",2008,1.17147911596989,0.0322521804589689,0.223449660839257,1.10826484227031,1.23469338966947,48,1
"Têxteis, vestuário, couro e calçados",2009,1.14389876099263,0.0319784876173571,0.221553461209899,1.08122092526261,1.20657659672265,48,1
"Têxteis, vestuário, couro e calçados",2010,1.22659627664071,0.0283267391114755,0.196253405415296,1.17107586798222,1.2821166852992,48,1
"Têxteis, vestuário, couro e calçados",2011,1.148138178467,0.0336685658164758,0.230820058128627,1.08214778946671,1.21412856746729,47,1
"Têxteis, vestuário, couro e calçados",2012,1.14077408110858,0.0313077082219096,0.216906165235557,1.07941097299363,1.20213718922352,48,1
"Têxteis, vestuário, couro e calçados",2013,1.15160318419345,0.0264826707014322,0.183477324699985,1.09969714961864,1.20350921876825,48,1
"Têxteis, vestuário, couro e calçados",2014,1.10091100767442,0.0273761340444873,0.189667420319472,1.04725378494723,1.15456823040162,48,1
"Têxteis, vestuário, couro e calçados",2015,1.09750263297582,0.0394408832317409,0.273254454611067,1.0201985018416,1.17480676411003,48,1
"Têxteis, vestuário, couro e calçados",2016,1.07422938964342,0.0290484216699888,0.201253368848422,1.01729448317024,1.1311642961166,48,1
"Têxteis, vestuário, couro e calçados",2017,1.14320539566755,0.0295084585156342,0.204440597608468,1.08536881697691,1.2010419743582,48,1
"Têxteis, vestuário, couro e calçados",2018,1.19706311934471,0.035560485361198,0.246370269549617,1.12736456803676,1.26676167065265,48,1
"Têxteis, vestuário, couro e calçados",2019,1.12038131215818,0.0297884041107555,0.206380117584889,1.0619960401011,1.17876658421526,48,1
"Têxteis, vestuário, couro e calçados",2020,1.12463384069151,0.0306764732969226,0.214735313078458,1.06450795302955,1.18475972835348,49,1
"Têxteis, vestuário, couro e calçados",2021,1.26467422290775,0.0373345966906024,0.26922360543347,1.19149841339417,1.33785003242133,52,1
"Têxteis, vestuário, couro e calçados",2022,1.17424744807083,0.0328233961672502,0.236692875831778,1.10991359158302,1.23858130455864,52,1
"Têxteis, vestuário, couro e calçados",2023,1.20432746949716,0.0401873324232148,0.278426006310672,1.12556029794766,1.28309464104666,48,1
"Têxteis, vestuário, couro e calçados",2024,1.21972953330485,0.0429834127141409,0.254293298966756,1.13548204438513,1.30397702222457,35,1
"Veículos automotores e e outros equipamentos de transporte",1989,1.32973249765684,0.0733944576529889,0.254245859297878,1.18587936065698,1.4735856346567,12,1
"Veículos automotores e e outros equipamentos de transporte",1990,1.25686813387838,0.0857127948216564,0.392785370296459,1.08887105602793,1.42486521172882,21,1
"Veículos automotores e e outros equipamentos de transporte",1991,1.45065985372614,0.179416373764705,0.802374416028782,1.09900376114732,1.80231594630496,20,1
"Veículos automotores e e outros equipamentos de transporte",1992,1.4091698878004,0.169345756015598,0.829621384688142,1.07725220600983,1.74108756959097,24,1
"Veículos automotores e e outros equipamentos de transporte",1993,1.47978168427395,0.163795871028576,0.802432611989468,1.15874177705794,1.80082159148996,24,1
"Veículos automotores e e outros equipamentos de transporte",1994,1.21743524208235,0.0959558302406002,0.479779151203001,1.02936181481077,1.40550866935392,25,1
"Veículos automotores e e outros equipamentos de transporte",1995,1.17347658085153,0.0937993832676288,0.468996916338144,0.989629789646979,1.35732337205608,25,0
"Veículos automotores e e outros equipamentos de transporte",1996,1.18587873799386,0.0466532105598703,0.237885631016532,1.09443844529652,1.27731903069121,26,1
"Veículos automotores e e outros equipamentos de transporte",1997,1.26187058385957,0.0484145569332044,0.242072784666022,1.16697805227049,1.35676311544865,25,1
"Veículos automotores e e outros equipamentos de transporte",1998,1.39140758226149,0.0957382639066047,0.488171275857273,1.20376058500454,1.57905457951843,26,1
"Veículos automotores e e outros equipamentos de transporte",1999,1.42872948904107,0.0521444471876296,0.275922479022819,1.32652637255332,1.53093260552883,28,1
"Veículos automotores e e outros equipamentos de transporte",2000,1.32744278340397,0.0510706422146891,0.270240437192849,1.22734432466318,1.42754124214476,28,1
"Veículos automotores e e outros equipamentos de transporte",2001,1.60293235923625,0.0906004127281625,0.479412321517058,1.42535555028905,1.78050916818345,28,1
"Veículos automotores e e outros equipamentos de transporte",2002,1.83314744700622,0.197783574751748,1.04657230441296,1.4454916404928,2.22080325351965,28,1
"Veículos automotores e e outros equipamentos de transporte",2003,1.88218351930716,0.383777454343292,1.99416614916608,1.12997970879431,2.63438732982002,27,1
"Veículos automotores e e outros equipamentos de transporte",2004,1.33472951280027,0.0476883800247366,0.252343187945987,1.24126028795179,1.42819873764876,28,1
"Veículos automotores e e outros equipamentos de transporte",2005,1.21060457494662,0.0355690852730699,0.184822388615121,1.1408891678114,1.28031998208183,27,1
"Veículos automotores e e outros equipamentos de transporte",2006,1.23570604115496,0.0360284469344686,0.176502622428778,1.1650902851634,1.30632179714652,24,1
"Veículos automotores e e outros equipamentos de transporte",2007,1.21422254004278,0.0400390721207872,0.200195360603936,1.13574595868604,1.29269912139953,25,1
"Veículos automotores e e outros equipamentos de transporte",2008,1.23627076703844,0.0261228952500421,0.147773411004245,1.18506989234836,1.28747164172852,32,1
"Veículos automotores e e outros equipamentos de transporte",2009,1.12110092157798,0.024404467008049,0.138052512901079,1.07326816624221,1.16893367691376,32,1
"Veículos automotores e e outros equipamentos de transporte",2010,1.25130090320036,0.0257861664702524,0.143571298727074,1.20076001691866,1.30184178948205,31,1
"Veículos automotores e e outros equipamentos de transporte",2011,1.15217152245123,0.032853329985062,0.17071091019586,1.08777899568051,1.21656404922195,27,1
"Veículos automotores e e outros equipamentos de transporte",2012,1.12201299765869,0.029106055068887,0.154014766716852,1.06496512972367,1.17906086559371,28,1
"Veículos automotores e e outros equipamentos de transporte",2013,1.184788538669,0.0157558809337387,0.0833722852748335,1.15390701203888,1.21567006529913,28,1
"Veículos automotores e e outros equipamentos de transporte",2014,1.11776144575719,0.0368114645906388,0.187702376271597,1.04561097515954,1.18991191635484,26,1
"Veículos automotores e e outros equipamentos de transporte",2015,1.04445870737767,0.0307893265231777,0.150836279011452,0.984111627392239,1.1048057873631,24,0
"Veículos automotores e e outros equipamentos de transporte",2016,1.00671329974854,0.0269844003675073,0.132196023830727,0.953823875028224,1.05960272446885,24,0
"Veículos automotores e e outros equipamentos de transporte",2017,1.00817628168122,0.0385494191012794,0.180812802884679,0.93261942024271,1.08373314311973,22,0
"Veículos automotores e e outros equipamentos de transporte",2018,1.06580329037656,0.046570245192431,0.237462588989006,0.9745256097994,1.15708097095373,26,0
"Veículos automotores e e outros equipamentos de transporte",2019,1.06780461942244,0.0417328917077694,0.220829705900695,0.986008151675208,1.14960108716966,28,0
"Veículos automotores e e outros equipamentos de transporte",2020,1.11469597041736,0.0402082193885195,0.216527888008598,1.03588786041586,1.19350408041886,29,1
"Veículos automotores e e outros equipamentos de transporte",2021,1.1437227968266,0.0506360158710185,0.286440561557334,1.0444762057194,1.2429693879338,32,1
"Veículos automotores e e outros equipamentos de transporte",2022,1.14364827185724,0.0484212884848713,0.273912171531541,1.04874254642689,1.23855399728758,32,1
"Veículos automotores e e outros equipamentos de transporte",2023,1.17681362421289,0.0565120194299796,0.319680257259876,1.06605006613013,1.28757718229565,32,1
"Veículos automotores e e outros equipamentos de transporte",2024,1.17447963547581,0.0582076668523057,0.285158165812126,1.06039260844529,1.28856666250633,24,1
